{
    "slam_status": 4,
    "map_id": 30,
    "x": -0.46375578012722376,
    "y": 0.03823554862833589,
    "theta": -0.03940600117276434,
    "odom_x": 4.250500000000001,
    "odom_y": -5.349600000000001,
    "odom_theta": 1.0590657901101593
}