{
    "x": -0.4348642417399768,
    "y": 0.03574399767783693,
    "theta": -0.0624549522003086
}